Feature,Model
Average_duration_of_Visit_max_clinical_simple,bakeoff_summary_ml_features_all_20250709_214248_LinearSVC
Average_duration_of_Visit_max_clinical_simple,bakeoff_summary_ml_features_all_20250709_214248_LogisticRegression
Average_duration_of_Visit_max_clinical_simple,bakeoff_summary_ml_features_all_20250709_214248_PolySVC
Average_duration_of_Visit_max_clinical_simple,bakeoff_summary_ml_features_all_20250709_214248_RBFSVC
Average_duration_of_Visit_max_clinical_simple,bakeoff_summary_ml_features_all_20250709_214248_RandomForest
Average_duration_of_Visit_max_clinical_simple,bakeoff_summary_ml_features_all_and_medical_20250709_213116_LinearSVC
Average_duration_of_Visit_max_clinical_simple,bakeoff_summary_ml_features_all_and_medical_20250709_213116_LogisticRegression
Average_duration_of_Visit_max_clinical_simple,bakeoff_summary_ml_features_all_and_medical_20250709_213116_PolySVC
Average_duration_of_Visit_max_clinical_simple,bakeoff_summary_ml_features_all_and_medical_20250709_213116_RBFSVC
Average_duration_of_Visit_max_clinical_simple,bakeoff_summary_ml_features_all_and_medical_20250709_213116_RandomForest
Average_duration_of_Visit_max_clinical_simple,bakeoff_summary_ml_features_all_and_medical_and_content_20250709_214000_LinearSVC
Average_duration_of_Visit_max_clinical_simple,bakeoff_summary_ml_features_all_and_medical_and_content_20250709_214000_LogisticRegression
Average_duration_of_Visit_max_clinical_simple,bakeoff_summary_ml_features_all_and_medical_and_content_20250709_214000_PolySVC
Average_duration_of_Visit_max_clinical_simple,bakeoff_summary_ml_features_all_and_medical_and_content_20250709_214000_RBFSVC
Average_duration_of_Visit_max_clinical_simple,bakeoff_summary_ml_features_all_and_medical_and_content_20250709_214000_RandomForest
Average_duration_of_Visit_max_content,bakeoff_summary_ml_features_all_and_medical_and_content_20250709_214000_LinearSVC
Average_duration_of_Visit_max_content,bakeoff_summary_ml_features_all_and_medical_and_content_20250709_214000_LogisticRegression
Average_duration_of_Visit_max_content,bakeoff_summary_ml_features_all_and_medical_and_content_20250709_214000_PolySVC
Average_duration_of_Visit_max_content,bakeoff_summary_ml_features_all_and_medical_and_content_20250709_214000_RBFSVC
Average_duration_of_Visit_max_content,bakeoff_summary_ml_features_all_and_medical_and_content_20250709_214000_RandomForest
Average_duration_of_Visit_max_content,bakeoff_summary_ml_features_content_20250709_214417_LinearSVC
Average_duration_of_Visit_max_content,bakeoff_summary_ml_features_content_20250709_214417_LogisticRegression
Average_duration_of_Visit_max_content,bakeoff_summary_ml_features_content_20250709_214417_PolySVC
Average_duration_of_Visit_max_content,bakeoff_summary_ml_features_content_20250709_214417_RBFSVC
Average_duration_of_Visit_max_content,bakeoff_summary_ml_features_content_20250709_214417_RandomForest
Average_duration_of_Visit_max_content,bakeoff_summary_ml_features_medical_and_content_20250709_214355_LinearSVC
Average_duration_of_Visit_max_content,bakeoff_summary_ml_features_medical_and_content_20250709_214355_LogisticRegression
Average_duration_of_Visit_max_content,bakeoff_summary_ml_features_medical_and_content_20250709_214355_PolySVC
Average_duration_of_Visit_max_content,bakeoff_summary_ml_features_medical_and_content_20250709_214355_RBFSVC
Average_duration_of_Visit_max_content,bakeoff_summary_ml_features_medical_and_content_20250709_214355_RandomForest
Average_duration_of_Visit_max_medical,bakeoff_summary_ml_features_all_and_medical_20250709_213116_LinearSVC
Average_duration_of_Visit_max_medical,bakeoff_summary_ml_features_all_and_medical_20250709_213116_LogisticRegression
Average_duration_of_Visit_max_medical,bakeoff_summary_ml_features_all_and_medical_20250709_213116_PolySVC
Average_duration_of_Visit_max_medical,bakeoff_summary_ml_features_all_and_medical_20250709_213116_RBFSVC
Average_duration_of_Visit_max_medical,bakeoff_summary_ml_features_all_and_medical_20250709_213116_RandomForest
Average_duration_of_Visit_max_medical,bakeoff_summary_ml_features_all_and_medical_and_content_20250709_214000_LinearSVC
Average_duration_of_Visit_max_medical,bakeoff_summary_ml_features_all_and_medical_and_content_20250709_214000_LogisticRegression
Average_duration_of_Visit_max_medical,bakeoff_summary_ml_features_all_and_medical_and_content_20250709_214000_PolySVC
Average_duration_of_Visit_max_medical,bakeoff_summary_ml_features_all_and_medical_and_content_20250709_214000_RBFSVC
Average_duration_of_Visit_max_medical,bakeoff_summary_ml_features_all_and_medical_and_content_20250709_214000_RandomForest
Average_duration_of_Visit_max_medical,bakeoff_summary_ml_features_medical_20250709_214316_LinearSVC
Average_duration_of_Visit_max_medical,bakeoff_summary_ml_features_medical_20250709_214316_LogisticRegression
Average_duration_of_Visit_max_medical,bakeoff_summary_ml_features_medical_20250709_214316_PolySVC
Average_duration_of_Visit_max_medical,bakeoff_summary_ml_features_medical_20250709_214316_RBFSVC
Average_duration_of_Visit_max_medical,bakeoff_summary_ml_features_medical_20250709_214316_RandomForest
Average_duration_of_Visit_max_medical,bakeoff_summary_ml_features_medical_and_content_20250709_214355_LinearSVC
Average_duration_of_Visit_max_medical,bakeoff_summary_ml_features_medical_and_content_20250709_214355_LogisticRegression
Average_duration_of_Visit_max_medical,bakeoff_summary_ml_features_medical_and_content_20250709_214355_PolySVC
Average_duration_of_Visit_max_medical,bakeoff_summary_ml_features_medical_and_content_20250709_214355_RBFSVC
Average_duration_of_Visit_max_medical,bakeoff_summary_ml_features_medical_and_content_20250709_214355_RandomForest
Average_duration_of_Visit_max_non_medical,bakeoff_summary_ml_features_non_medical_20250711_021809_LinearSVC
Average_duration_of_Visit_max_non_medical,bakeoff_summary_ml_features_non_medical_20250711_021809_LogisticRegression
Average_duration_of_Visit_max_non_medical,bakeoff_summary_ml_features_non_medical_20250711_021809_PolySVC
Average_duration_of_Visit_max_non_medical,bakeoff_summary_ml_features_non_medical_20250711_021809_RBFSVC
Average_duration_of_Visit_max_non_medical,bakeoff_summary_ml_features_non_medical_20250711_021809_RandomForest
Average_duration_of_Visit_mean_clinical_simple,bakeoff_summary_ml_features_all_20250709_214248_LinearSVC
Average_duration_of_Visit_mean_clinical_simple,bakeoff_summary_ml_features_all_20250709_214248_LogisticRegression
Average_duration_of_Visit_mean_clinical_simple,bakeoff_summary_ml_features_all_20250709_214248_PolySVC
Average_duration_of_Visit_mean_clinical_simple,bakeoff_summary_ml_features_all_20250709_214248_RBFSVC
Average_duration_of_Visit_mean_clinical_simple,bakeoff_summary_ml_features_all_20250709_214248_RandomForest
Average_duration_of_Visit_mean_clinical_simple,bakeoff_summary_ml_features_all_and_medical_20250709_213116_LinearSVC
Average_duration_of_Visit_mean_clinical_simple,bakeoff_summary_ml_features_all_and_medical_20250709_213116_LogisticRegression
Average_duration_of_Visit_mean_clinical_simple,bakeoff_summary_ml_features_all_and_medical_20250709_213116_PolySVC
Average_duration_of_Visit_mean_clinical_simple,bakeoff_summary_ml_features_all_and_medical_20250709_213116_RBFSVC
Average_duration_of_Visit_mean_clinical_simple,bakeoff_summary_ml_features_all_and_medical_20250709_213116_RandomForest
Average_duration_of_Visit_mean_clinical_simple,bakeoff_summary_ml_features_all_and_medical_and_content_20250709_214000_LinearSVC
Average_duration_of_Visit_mean_clinical_simple,bakeoff_summary_ml_features_all_and_medical_and_content_20250709_214000_LogisticRegression
Average_duration_of_Visit_mean_clinical_simple,bakeoff_summary_ml_features_all_and_medical_and_content_20250709_214000_PolySVC
Average_duration_of_Visit_mean_clinical_simple,bakeoff_summary_ml_features_all_and_medical_and_content_20250709_214000_RBFSVC
Average_duration_of_Visit_mean_clinical_simple,bakeoff_summary_ml_features_all_and_medical_and_content_20250709_214000_RandomForest
Average_duration_of_Visit_mean_non_medical,bakeoff_summary_ml_features_non_medical_20250711_021809_LinearSVC
Average_duration_of_Visit_mean_non_medical,bakeoff_summary_ml_features_non_medical_20250711_021809_LogisticRegression
Average_duration_of_Visit_mean_non_medical,bakeoff_summary_ml_features_non_medical_20250711_021809_PolySVC
Average_duration_of_Visit_mean_non_medical,bakeoff_summary_ml_features_non_medical_20250711_021809_RBFSVC
Average_duration_of_Visit_mean_non_medical,bakeoff_summary_ml_features_non_medical_20250711_021809_RandomForest
Average_duration_of_Visit_std_clinical_simple,bakeoff_summary_ml_features_all_20250709_214248_LinearSVC
Average_duration_of_Visit_std_clinical_simple,bakeoff_summary_ml_features_all_20250709_214248_LogisticRegression
Average_duration_of_Visit_std_clinical_simple,bakeoff_summary_ml_features_all_20250709_214248_PolySVC
Average_duration_of_Visit_std_clinical_simple,bakeoff_summary_ml_features_all_20250709_214248_RBFSVC
Average_duration_of_Visit_std_clinical_simple,bakeoff_summary_ml_features_all_20250709_214248_RandomForest
Average_duration_of_Visit_std_clinical_simple,bakeoff_summary_ml_features_all_and_medical_20250709_213116_LinearSVC
Average_duration_of_Visit_std_clinical_simple,bakeoff_summary_ml_features_all_and_medical_20250709_213116_LogisticRegression
Average_duration_of_Visit_std_clinical_simple,bakeoff_summary_ml_features_all_and_medical_20250709_213116_PolySVC
Average_duration_of_Visit_std_clinical_simple,bakeoff_summary_ml_features_all_and_medical_20250709_213116_RBFSVC
Average_duration_of_Visit_std_clinical_simple,bakeoff_summary_ml_features_all_and_medical_20250709_213116_RandomForest
Average_duration_of_Visit_std_clinical_simple,bakeoff_summary_ml_features_all_and_medical_and_content_20250709_214000_LinearSVC
Average_duration_of_Visit_std_clinical_simple,bakeoff_summary_ml_features_all_and_medical_and_content_20250709_214000_LogisticRegression
Average_duration_of_Visit_std_clinical_simple,bakeoff_summary_ml_features_all_and_medical_and_content_20250709_214000_PolySVC
Average_duration_of_Visit_std_clinical_simple,bakeoff_summary_ml_features_all_and_medical_and_content_20250709_214000_RBFSVC
Average_duration_of_Visit_std_clinical_simple,bakeoff_summary_ml_features_all_and_medical_and_content_20250709_214000_RandomForest
Average_duration_of_Visit_std_non_medical,bakeoff_summary_ml_features_non_medical_20250711_021809_LinearSVC
Average_duration_of_Visit_std_non_medical,bakeoff_summary_ml_features_non_medical_20250711_021809_LogisticRegression
Average_duration_of_Visit_std_non_medical,bakeoff_summary_ml_features_non_medical_20250711_021809_PolySVC
Average_duration_of_Visit_std_non_medical,bakeoff_summary_ml_features_non_medical_20250711_021809_RBFSVC
Average_duration_of_Visit_std_non_medical,bakeoff_summary_ml_features_non_medical_20250711_021809_RandomForest
Average_duration_of_fixations_max_non_medical,bakeoff_summary_ml_features_non_medical_20250711_021809_LinearSVC
Average_duration_of_fixations_max_non_medical,bakeoff_summary_ml_features_non_medical_20250711_021809_LogisticRegression
Average_duration_of_fixations_max_non_medical,bakeoff_summary_ml_features_non_medical_20250711_021809_PolySVC
Average_duration_of_fixations_max_non_medical,bakeoff_summary_ml_features_non_medical_20250711_021809_RBFSVC
Average_duration_of_fixations_max_non_medical,bakeoff_summary_ml_features_non_medical_20250711_021809_RandomForest
Average_duration_of_whole_fixations_max_non_medical,bakeoff_summary_ml_features_non_medical_20250711_021809_LinearSVC
Average_duration_of_whole_fixations_max_non_medical,bakeoff_summary_ml_features_non_medical_20250711_021809_LogisticRegression
Average_duration_of_whole_fixations_max_non_medical,bakeoff_summary_ml_features_non_medical_20250711_021809_PolySVC
Average_duration_of_whole_fixations_max_non_medical,bakeoff_summary_ml_features_non_medical_20250711_021809_RBFSVC
Average_duration_of_whole_fixations_max_non_medical,bakeoff_summary_ml_features_non_medical_20250711_021809_RandomForest
Average_duration_of_whole_fixations_min_non_medical,bakeoff_summary_ml_features_non_medical_20250711_021809_LinearSVC
Average_duration_of_whole_fixations_min_non_medical,bakeoff_summary_ml_features_non_medical_20250711_021809_LogisticRegression
Average_duration_of_whole_fixations_min_non_medical,bakeoff_summary_ml_features_non_medical_20250711_021809_PolySVC
Average_duration_of_whole_fixations_min_non_medical,bakeoff_summary_ml_features_non_medical_20250711_021809_RBFSVC
Average_duration_of_whole_fixations_min_non_medical,bakeoff_summary_ml_features_non_medical_20250711_021809_RandomForest
Average_whole-fixation_eye_openness_max_non_medical,bakeoff_summary_ml_features_non_medical_20250711_021809_LinearSVC
Average_whole-fixation_eye_openness_max_non_medical,bakeoff_summary_ml_features_non_medical_20250711_021809_LogisticRegression
Average_whole-fixation_eye_openness_max_non_medical,bakeoff_summary_ml_features_non_medical_20250711_021809_PolySVC
Average_whole-fixation_eye_openness_max_non_medical,bakeoff_summary_ml_features_non_medical_20250711_021809_RBFSVC
Average_whole-fixation_eye_openness_max_non_medical,bakeoff_summary_ml_features_non_medical_20250711_021809_RandomForest
Average_whole-fixation_eye_openness_mean_non_medical,bakeoff_summary_ml_features_non_medical_20250711_021809_LinearSVC
Average_whole-fixation_eye_openness_mean_non_medical,bakeoff_summary_ml_features_non_medical_20250711_021809_LogisticRegression
Average_whole-fixation_eye_openness_mean_non_medical,bakeoff_summary_ml_features_non_medical_20250711_021809_PolySVC
Average_whole-fixation_eye_openness_mean_non_medical,bakeoff_summary_ml_features_non_medical_20250711_021809_RBFSVC
Average_whole-fixation_eye_openness_mean_non_medical,bakeoff_summary_ml_features_non_medical_20250711_021809_RandomForest
Average_whole-fixation_eye_openness_std_non_medical,bakeoff_summary_ml_features_non_medical_20250711_021809_LinearSVC
Average_whole-fixation_eye_openness_std_non_medical,bakeoff_summary_ml_features_non_medical_20250711_021809_LogisticRegression
Average_whole-fixation_eye_openness_std_non_medical,bakeoff_summary_ml_features_non_medical_20250711_021809_PolySVC
Average_whole-fixation_eye_openness_std_non_medical,bakeoff_summary_ml_features_non_medical_20250711_021809_RBFSVC
Average_whole-fixation_eye_openness_std_non_medical,bakeoff_summary_ml_features_non_medical_20250711_021809_RandomForest
Duration_of_first_Visit_max_non_medical,bakeoff_summary_ml_features_non_medical_20250711_021809_LinearSVC
Duration_of_first_Visit_max_non_medical,bakeoff_summary_ml_features_non_medical_20250711_021809_LogisticRegression
Duration_of_first_Visit_max_non_medical,bakeoff_summary_ml_features_non_medical_20250711_021809_PolySVC
Duration_of_first_Visit_max_non_medical,bakeoff_summary_ml_features_non_medical_20250711_021809_RBFSVC
Duration_of_first_Visit_max_non_medical,bakeoff_summary_ml_features_non_medical_20250711_021809_RandomForest
Duration_of_first_Visit_mean_clinical_simple,bakeoff_summary_ml_features_all_20250709_214248_LinearSVC
Duration_of_first_Visit_mean_clinical_simple,bakeoff_summary_ml_features_all_20250709_214248_LogisticRegression
Duration_of_first_Visit_mean_clinical_simple,bakeoff_summary_ml_features_all_20250709_214248_PolySVC
Duration_of_first_Visit_mean_clinical_simple,bakeoff_summary_ml_features_all_20250709_214248_RBFSVC
Duration_of_first_Visit_mean_clinical_simple,bakeoff_summary_ml_features_all_20250709_214248_RandomForest
Duration_of_first_Visit_mean_clinical_simple,bakeoff_summary_ml_features_all_and_medical_20250709_213116_LinearSVC
Duration_of_first_Visit_mean_clinical_simple,bakeoff_summary_ml_features_all_and_medical_20250709_213116_LogisticRegression
Duration_of_first_Visit_mean_clinical_simple,bakeoff_summary_ml_features_all_and_medical_20250709_213116_PolySVC
Duration_of_first_Visit_mean_clinical_simple,bakeoff_summary_ml_features_all_and_medical_20250709_213116_RBFSVC
Duration_of_first_Visit_mean_clinical_simple,bakeoff_summary_ml_features_all_and_medical_20250709_213116_RandomForest
Duration_of_first_Visit_mean_clinical_simple,bakeoff_summary_ml_features_all_and_medical_and_content_20250709_214000_LinearSVC
Duration_of_first_Visit_mean_clinical_simple,bakeoff_summary_ml_features_all_and_medical_and_content_20250709_214000_LogisticRegression
Duration_of_first_Visit_mean_clinical_simple,bakeoff_summary_ml_features_all_and_medical_and_content_20250709_214000_PolySVC
Duration_of_first_Visit_mean_clinical_simple,bakeoff_summary_ml_features_all_and_medical_and_content_20250709_214000_RBFSVC
Duration_of_first_Visit_mean_clinical_simple,bakeoff_summary_ml_features_all_and_medical_and_content_20250709_214000_RandomForest
Duration_of_first_Visit_mean_non_medical,bakeoff_summary_ml_features_non_medical_20250711_021809_LinearSVC
Duration_of_first_Visit_mean_non_medical,bakeoff_summary_ml_features_non_medical_20250711_021809_LogisticRegression
Duration_of_first_Visit_mean_non_medical,bakeoff_summary_ml_features_non_medical_20250711_021809_PolySVC
Duration_of_first_Visit_mean_non_medical,bakeoff_summary_ml_features_non_medical_20250711_021809_RBFSVC
Duration_of_first_Visit_mean_non_medical,bakeoff_summary_ml_features_non_medical_20250711_021809_RandomForest
Duration_of_first_Visit_std_non_medical,bakeoff_summary_ml_features_non_medical_20250711_021809_LinearSVC
Duration_of_first_Visit_std_non_medical,bakeoff_summary_ml_features_non_medical_20250711_021809_LogisticRegression
Duration_of_first_Visit_std_non_medical,bakeoff_summary_ml_features_non_medical_20250711_021809_PolySVC
Duration_of_first_Visit_std_non_medical,bakeoff_summary_ml_features_non_medical_20250711_021809_RBFSVC
Duration_of_first_Visit_std_non_medical,bakeoff_summary_ml_features_non_medical_20250711_021809_RandomForest
First-pass_duration_max_non_medical,bakeoff_summary_ml_features_non_medical_20250711_021809_LinearSVC
First-pass_duration_max_non_medical,bakeoff_summary_ml_features_non_medical_20250711_021809_LogisticRegression
First-pass_duration_max_non_medical,bakeoff_summary_ml_features_non_medical_20250711_021809_PolySVC
First-pass_duration_max_non_medical,bakeoff_summary_ml_features_non_medical_20250711_021809_RBFSVC
First-pass_duration_max_non_medical,bakeoff_summary_ml_features_non_medical_20250711_021809_RandomForest
First-pass_duration_std_non_medical,bakeoff_summary_ml_features_non_medical_20250711_021809_LinearSVC
First-pass_duration_std_non_medical,bakeoff_summary_ml_features_non_medical_20250711_021809_LogisticRegression
First-pass_duration_std_non_medical,bakeoff_summary_ml_features_non_medical_20250711_021809_PolySVC
First-pass_duration_std_non_medical,bakeoff_summary_ml_features_non_medical_20250711_021809_RBFSVC
First-pass_duration_std_non_medical,bakeoff_summary_ml_features_non_medical_20250711_021809_RandomForest
First-pass_first_fixation_duration_max_non_medical,bakeoff_summary_ml_features_non_medical_20250711_021809_LinearSVC
First-pass_first_fixation_duration_max_non_medical,bakeoff_summary_ml_features_non_medical_20250711_021809_LogisticRegression
First-pass_first_fixation_duration_max_non_medical,bakeoff_summary_ml_features_non_medical_20250711_021809_PolySVC
First-pass_first_fixation_duration_max_non_medical,bakeoff_summary_ml_features_non_medical_20250711_021809_RBFSVC
First-pass_first_fixation_duration_max_non_medical,bakeoff_summary_ml_features_non_medical_20250711_021809_RandomForest
Maximum_duration_of_Visit_max_content,bakeoff_summary_ml_features_all_and_medical_and_content_20250709_214000_LinearSVC
Maximum_duration_of_Visit_max_content,bakeoff_summary_ml_features_all_and_medical_and_content_20250709_214000_LogisticRegression
Maximum_duration_of_Visit_max_content,bakeoff_summary_ml_features_all_and_medical_and_content_20250709_214000_PolySVC
Maximum_duration_of_Visit_max_content,bakeoff_summary_ml_features_all_and_medical_and_content_20250709_214000_RBFSVC
Maximum_duration_of_Visit_max_content,bakeoff_summary_ml_features_all_and_medical_and_content_20250709_214000_RandomForest
Maximum_duration_of_Visit_max_content,bakeoff_summary_ml_features_content_20250709_214417_LinearSVC
Maximum_duration_of_Visit_max_content,bakeoff_summary_ml_features_content_20250709_214417_LogisticRegression
Maximum_duration_of_Visit_max_content,bakeoff_summary_ml_features_content_20250709_214417_PolySVC
Maximum_duration_of_Visit_max_content,bakeoff_summary_ml_features_content_20250709_214417_RBFSVC
Maximum_duration_of_Visit_max_content,bakeoff_summary_ml_features_content_20250709_214417_RandomForest
Maximum_duration_of_Visit_max_content,bakeoff_summary_ml_features_medical_and_content_20250709_214355_LinearSVC
Maximum_duration_of_Visit_max_content,bakeoff_summary_ml_features_medical_and_content_20250709_214355_LogisticRegression
Maximum_duration_of_Visit_max_content,bakeoff_summary_ml_features_medical_and_content_20250709_214355_PolySVC
Maximum_duration_of_Visit_max_content,bakeoff_summary_ml_features_medical_and_content_20250709_214355_RBFSVC
Maximum_duration_of_Visit_max_content,bakeoff_summary_ml_features_medical_and_content_20250709_214355_RandomForest
Maximum_duration_of_Visit_max_non_medical,bakeoff_summary_ml_features_non_medical_20250711_021809_LinearSVC
Maximum_duration_of_Visit_max_non_medical,bakeoff_summary_ml_features_non_medical_20250711_021809_LogisticRegression
Maximum_duration_of_Visit_max_non_medical,bakeoff_summary_ml_features_non_medical_20250711_021809_PolySVC
Maximum_duration_of_Visit_max_non_medical,bakeoff_summary_ml_features_non_medical_20250711_021809_RBFSVC
Maximum_duration_of_Visit_max_non_medical,bakeoff_summary_ml_features_non_medical_20250711_021809_RandomForest
Maximum_duration_of_Visit_mean_non_medical,bakeoff_summary_ml_features_non_medical_20250711_021809_LinearSVC
Maximum_duration_of_Visit_mean_non_medical,bakeoff_summary_ml_features_non_medical_20250711_021809_LogisticRegression
Maximum_duration_of_Visit_mean_non_medical,bakeoff_summary_ml_features_non_medical_20250711_021809_PolySVC
Maximum_duration_of_Visit_mean_non_medical,bakeoff_summary_ml_features_non_medical_20250711_021809_RBFSVC
Maximum_duration_of_Visit_mean_non_medical,bakeoff_summary_ml_features_non_medical_20250711_021809_RandomForest
Maximum_duration_of_Visit_std_non_medical,bakeoff_summary_ml_features_non_medical_20250711_021809_LinearSVC
Maximum_duration_of_Visit_std_non_medical,bakeoff_summary_ml_features_non_medical_20250711_021809_LogisticRegression
Maximum_duration_of_Visit_std_non_medical,bakeoff_summary_ml_features_non_medical_20250711_021809_PolySVC
Maximum_duration_of_Visit_std_non_medical,bakeoff_summary_ml_features_non_medical_20250711_021809_RBFSVC
Maximum_duration_of_Visit_std_non_medical,bakeoff_summary_ml_features_non_medical_20250711_021809_RandomForest
Maximum_duration_of_fixations_max_non_medical,bakeoff_summary_ml_features_non_medical_20250711_021809_LinearSVC
Maximum_duration_of_fixations_max_non_medical,bakeoff_summary_ml_features_non_medical_20250711_021809_LogisticRegression
Maximum_duration_of_fixations_max_non_medical,bakeoff_summary_ml_features_non_medical_20250711_021809_PolySVC
Maximum_duration_of_fixations_max_non_medical,bakeoff_summary_ml_features_non_medical_20250711_021809_RBFSVC
Maximum_duration_of_fixations_max_non_medical,bakeoff_summary_ml_features_non_medical_20250711_021809_RandomForest
Maximum_duration_of_fixations_mean_non_medical,bakeoff_summary_ml_features_non_medical_20250711_021809_LinearSVC
Maximum_duration_of_fixations_mean_non_medical,bakeoff_summary_ml_features_non_medical_20250711_021809_LogisticRegression
Maximum_duration_of_fixations_mean_non_medical,bakeoff_summary_ml_features_non_medical_20250711_021809_PolySVC
Maximum_duration_of_fixations_mean_non_medical,bakeoff_summary_ml_features_non_medical_20250711_021809_RandomForest
Maximum_duration_of_fixations_std_non_medical,bakeoff_summary_ml_features_non_medical_20250711_021809_LinearSVC
Maximum_duration_of_fixations_std_non_medical,bakeoff_summary_ml_features_non_medical_20250711_021809_LogisticRegression
Maximum_duration_of_fixations_std_non_medical,bakeoff_summary_ml_features_non_medical_20250711_021809_PolySVC
Maximum_duration_of_fixations_std_non_medical,bakeoff_summary_ml_features_non_medical_20250711_021809_RBFSVC
Maximum_duration_of_fixations_std_non_medical,bakeoff_summary_ml_features_non_medical_20250711_021809_RandomForest
Maximum_duration_of_whole_fixations_max_non_medical,bakeoff_summary_ml_features_non_medical_20250711_021809_LinearSVC
Maximum_duration_of_whole_fixations_max_non_medical,bakeoff_summary_ml_features_non_medical_20250711_021809_LogisticRegression
Maximum_duration_of_whole_fixations_max_non_medical,bakeoff_summary_ml_features_non_medical_20250711_021809_PolySVC
Maximum_duration_of_whole_fixations_max_non_medical,bakeoff_summary_ml_features_non_medical_20250711_021809_RBFSVC
Maximum_duration_of_whole_fixations_max_non_medical,bakeoff_summary_ml_features_non_medical_20250711_021809_RandomForest
Maximum_duration_of_whole_fixations_mean_non_medical,bakeoff_summary_ml_features_non_medical_20250711_021809_LinearSVC
Maximum_duration_of_whole_fixations_mean_non_medical,bakeoff_summary_ml_features_non_medical_20250711_021809_LogisticRegression
Maximum_duration_of_whole_fixations_mean_non_medical,bakeoff_summary_ml_features_non_medical_20250711_021809_PolySVC
Maximum_duration_of_whole_fixations_mean_non_medical,bakeoff_summary_ml_features_non_medical_20250711_021809_RandomForest
Maximum_duration_of_whole_fixations_std_medical,bakeoff_summary_ml_features_medical_20250709_214316_LinearSVC
Maximum_duration_of_whole_fixations_std_medical,bakeoff_summary_ml_features_medical_20250709_214316_LogisticRegression
Maximum_duration_of_whole_fixations_std_medical,bakeoff_summary_ml_features_medical_20250709_214316_PolySVC
Maximum_duration_of_whole_fixations_std_medical,bakeoff_summary_ml_features_medical_20250709_214316_RBFSVC
Maximum_duration_of_whole_fixations_std_medical,bakeoff_summary_ml_features_medical_20250709_214316_RandomForest
Maximum_duration_of_whole_fixations_std_medical,bakeoff_summary_ml_features_medical_and_content_20250709_214355_LinearSVC
Maximum_duration_of_whole_fixations_std_medical,bakeoff_summary_ml_features_medical_and_content_20250709_214355_LogisticRegression
Maximum_duration_of_whole_fixations_std_medical,bakeoff_summary_ml_features_medical_and_content_20250709_214355_PolySVC
Maximum_duration_of_whole_fixations_std_medical,bakeoff_summary_ml_features_medical_and_content_20250709_214355_RandomForest
Maximum_duration_of_whole_fixations_std_non_medical,bakeoff_summary_ml_features_non_medical_20250711_021809_LinearSVC
Maximum_duration_of_whole_fixations_std_non_medical,bakeoff_summary_ml_features_non_medical_20250711_021809_LogisticRegression
Maximum_duration_of_whole_fixations_std_non_medical,bakeoff_summary_ml_features_non_medical_20250711_021809_PolySVC
Maximum_duration_of_whole_fixations_std_non_medical,bakeoff_summary_ml_features_non_medical_20250711_021809_RBFSVC
Maximum_duration_of_whole_fixations_std_non_medical,bakeoff_summary_ml_features_non_medical_20250711_021809_RandomForest
Minimum_duration_of_Visit_max_clinical_simple,bakeoff_summary_ml_features_all_20250709_214248_LinearSVC
Minimum_duration_of_Visit_max_clinical_simple,bakeoff_summary_ml_features_all_20250709_214248_LogisticRegression
Minimum_duration_of_Visit_max_clinical_simple,bakeoff_summary_ml_features_all_20250709_214248_PolySVC
Minimum_duration_of_Visit_max_clinical_simple,bakeoff_summary_ml_features_all_20250709_214248_RBFSVC
Minimum_duration_of_Visit_max_clinical_simple,bakeoff_summary_ml_features_all_20250709_214248_RandomForest
Minimum_duration_of_Visit_max_clinical_simple,bakeoff_summary_ml_features_all_and_medical_20250709_213116_LinearSVC
Minimum_duration_of_Visit_max_clinical_simple,bakeoff_summary_ml_features_all_and_medical_20250709_213116_LogisticRegression
Minimum_duration_of_Visit_max_clinical_simple,bakeoff_summary_ml_features_all_and_medical_20250709_213116_PolySVC
Minimum_duration_of_Visit_max_clinical_simple,bakeoff_summary_ml_features_all_and_medical_20250709_213116_RBFSVC
Minimum_duration_of_Visit_max_clinical_simple,bakeoff_summary_ml_features_all_and_medical_20250709_213116_RandomForest
Minimum_duration_of_Visit_max_clinical_simple,bakeoff_summary_ml_features_all_and_medical_and_content_20250709_214000_LinearSVC
Minimum_duration_of_Visit_max_clinical_simple,bakeoff_summary_ml_features_all_and_medical_and_content_20250709_214000_LogisticRegression
Minimum_duration_of_Visit_max_clinical_simple,bakeoff_summary_ml_features_all_and_medical_and_content_20250709_214000_PolySVC
Minimum_duration_of_Visit_max_clinical_simple,bakeoff_summary_ml_features_all_and_medical_and_content_20250709_214000_RBFSVC
Minimum_duration_of_Visit_max_clinical_simple,bakeoff_summary_ml_features_all_and_medical_and_content_20250709_214000_RandomForest
Minimum_duration_of_Visit_max_content,bakeoff_summary_ml_features_all_and_medical_and_content_20250709_214000_LinearSVC
Minimum_duration_of_Visit_max_content,bakeoff_summary_ml_features_all_and_medical_and_content_20250709_214000_LogisticRegression
Minimum_duration_of_Visit_max_content,bakeoff_summary_ml_features_all_and_medical_and_content_20250709_214000_PolySVC
Minimum_duration_of_Visit_max_content,bakeoff_summary_ml_features_all_and_medical_and_content_20250709_214000_RBFSVC
Minimum_duration_of_Visit_max_content,bakeoff_summary_ml_features_all_and_medical_and_content_20250709_214000_RandomForest
Minimum_duration_of_Visit_max_content,bakeoff_summary_ml_features_content_20250709_214417_LinearSVC
Minimum_duration_of_Visit_max_content,bakeoff_summary_ml_features_content_20250709_214417_LogisticRegression
Minimum_duration_of_Visit_max_content,bakeoff_summary_ml_features_content_20250709_214417_PolySVC
Minimum_duration_of_Visit_max_content,bakeoff_summary_ml_features_content_20250709_214417_RBFSVC
Minimum_duration_of_Visit_max_content,bakeoff_summary_ml_features_content_20250709_214417_RandomForest
Minimum_duration_of_Visit_max_content,bakeoff_summary_ml_features_medical_and_content_20250709_214355_LinearSVC
Minimum_duration_of_Visit_max_content,bakeoff_summary_ml_features_medical_and_content_20250709_214355_LogisticRegression
Minimum_duration_of_Visit_max_content,bakeoff_summary_ml_features_medical_and_content_20250709_214355_PolySVC
Minimum_duration_of_Visit_max_content,bakeoff_summary_ml_features_medical_and_content_20250709_214355_RBFSVC
Minimum_duration_of_Visit_max_content,bakeoff_summary_ml_features_medical_and_content_20250709_214355_RandomForest
Minimum_duration_of_Visit_max_medical,bakeoff_summary_ml_features_all_and_medical_20250709_213116_LinearSVC
Minimum_duration_of_Visit_max_medical,bakeoff_summary_ml_features_all_and_medical_20250709_213116_LogisticRegression
Minimum_duration_of_Visit_max_medical,bakeoff_summary_ml_features_all_and_medical_20250709_213116_PolySVC
Minimum_duration_of_Visit_max_medical,bakeoff_summary_ml_features_all_and_medical_20250709_213116_RBFSVC
Minimum_duration_of_Visit_max_medical,bakeoff_summary_ml_features_all_and_medical_20250709_213116_RandomForest
Minimum_duration_of_Visit_max_medical,bakeoff_summary_ml_features_all_and_medical_and_content_20250709_214000_LinearSVC
Minimum_duration_of_Visit_max_medical,bakeoff_summary_ml_features_all_and_medical_and_content_20250709_214000_LogisticRegression
Minimum_duration_of_Visit_max_medical,bakeoff_summary_ml_features_all_and_medical_and_content_20250709_214000_PolySVC
Minimum_duration_of_Visit_max_medical,bakeoff_summary_ml_features_all_and_medical_and_content_20250709_214000_RBFSVC
Minimum_duration_of_Visit_max_medical,bakeoff_summary_ml_features_all_and_medical_and_content_20250709_214000_RandomForest
Minimum_duration_of_Visit_max_medical,bakeoff_summary_ml_features_medical_20250709_214316_LinearSVC
Minimum_duration_of_Visit_max_medical,bakeoff_summary_ml_features_medical_20250709_214316_LogisticRegression
Minimum_duration_of_Visit_max_medical,bakeoff_summary_ml_features_medical_20250709_214316_PolySVC
Minimum_duration_of_Visit_max_medical,bakeoff_summary_ml_features_medical_20250709_214316_RBFSVC
Minimum_duration_of_Visit_max_medical,bakeoff_summary_ml_features_medical_20250709_214316_RandomForest
Minimum_duration_of_Visit_max_medical,bakeoff_summary_ml_features_medical_and_content_20250709_214355_LinearSVC
Minimum_duration_of_Visit_max_medical,bakeoff_summary_ml_features_medical_and_content_20250709_214355_LogisticRegression
Minimum_duration_of_Visit_max_medical,bakeoff_summary_ml_features_medical_and_content_20250709_214355_PolySVC
Minimum_duration_of_Visit_max_medical,bakeoff_summary_ml_features_medical_and_content_20250709_214355_RBFSVC
Minimum_duration_of_Visit_max_medical,bakeoff_summary_ml_features_medical_and_content_20250709_214355_RandomForest
Minimum_duration_of_Visit_max_non_medical,bakeoff_summary_ml_features_non_medical_20250711_021809_LinearSVC
Minimum_duration_of_Visit_max_non_medical,bakeoff_summary_ml_features_non_medical_20250711_021809_LogisticRegression
Minimum_duration_of_Visit_max_non_medical,bakeoff_summary_ml_features_non_medical_20250711_021809_PolySVC
Minimum_duration_of_Visit_max_non_medical,bakeoff_summary_ml_features_non_medical_20250711_021809_RBFSVC
Minimum_duration_of_Visit_max_non_medical,bakeoff_summary_ml_features_non_medical_20250711_021809_RandomForest
Minimum_duration_of_Visit_mean_clinical_simple,bakeoff_summary_ml_features_all_20250709_214248_LinearSVC
Minimum_duration_of_Visit_mean_clinical_simple,bakeoff_summary_ml_features_all_20250709_214248_LogisticRegression
Minimum_duration_of_Visit_mean_clinical_simple,bakeoff_summary_ml_features_all_20250709_214248_PolySVC
Minimum_duration_of_Visit_mean_clinical_simple,bakeoff_summary_ml_features_all_20250709_214248_RBFSVC
Minimum_duration_of_Visit_mean_clinical_simple,bakeoff_summary_ml_features_all_20250709_214248_RandomForest
Minimum_duration_of_Visit_mean_clinical_simple,bakeoff_summary_ml_features_all_and_medical_20250709_213116_LinearSVC
Minimum_duration_of_Visit_mean_clinical_simple,bakeoff_summary_ml_features_all_and_medical_20250709_213116_LogisticRegression
Minimum_duration_of_Visit_mean_clinical_simple,bakeoff_summary_ml_features_all_and_medical_20250709_213116_PolySVC
Minimum_duration_of_Visit_mean_clinical_simple,bakeoff_summary_ml_features_all_and_medical_20250709_213116_RBFSVC
Minimum_duration_of_Visit_mean_clinical_simple,bakeoff_summary_ml_features_all_and_medical_20250709_213116_RandomForest
Minimum_duration_of_Visit_mean_clinical_simple,bakeoff_summary_ml_features_all_and_medical_and_content_20250709_214000_LinearSVC
Minimum_duration_of_Visit_mean_clinical_simple,bakeoff_summary_ml_features_all_and_medical_and_content_20250709_214000_LogisticRegression
Minimum_duration_of_Visit_mean_clinical_simple,bakeoff_summary_ml_features_all_and_medical_and_content_20250709_214000_PolySVC
Minimum_duration_of_Visit_mean_clinical_simple,bakeoff_summary_ml_features_all_and_medical_and_content_20250709_214000_RBFSVC
Minimum_duration_of_Visit_mean_clinical_simple,bakeoff_summary_ml_features_all_and_medical_and_content_20250709_214000_RandomForest
Minimum_duration_of_Visit_mean_non_medical,bakeoff_summary_ml_features_non_medical_20250711_021809_LinearSVC
Minimum_duration_of_Visit_mean_non_medical,bakeoff_summary_ml_features_non_medical_20250711_021809_LogisticRegression
Minimum_duration_of_Visit_mean_non_medical,bakeoff_summary_ml_features_non_medical_20250711_021809_PolySVC
Minimum_duration_of_Visit_mean_non_medical,bakeoff_summary_ml_features_non_medical_20250711_021809_RBFSVC
Minimum_duration_of_Visit_mean_non_medical,bakeoff_summary_ml_features_non_medical_20250711_021809_RandomForest
Minimum_duration_of_Visit_std_clinical_simple,bakeoff_summary_ml_features_all_20250709_214248_LinearSVC
Minimum_duration_of_Visit_std_clinical_simple,bakeoff_summary_ml_features_all_20250709_214248_LogisticRegression
Minimum_duration_of_Visit_std_clinical_simple,bakeoff_summary_ml_features_all_20250709_214248_PolySVC
Minimum_duration_of_Visit_std_clinical_simple,bakeoff_summary_ml_features_all_20250709_214248_RBFSVC
Minimum_duration_of_Visit_std_clinical_simple,bakeoff_summary_ml_features_all_20250709_214248_RandomForest
Minimum_duration_of_Visit_std_clinical_simple,bakeoff_summary_ml_features_all_and_medical_20250709_213116_LinearSVC
Minimum_duration_of_Visit_std_clinical_simple,bakeoff_summary_ml_features_all_and_medical_20250709_213116_LogisticRegression
Minimum_duration_of_Visit_std_clinical_simple,bakeoff_summary_ml_features_all_and_medical_20250709_213116_PolySVC
Minimum_duration_of_Visit_std_clinical_simple,bakeoff_summary_ml_features_all_and_medical_20250709_213116_RBFSVC
Minimum_duration_of_Visit_std_clinical_simple,bakeoff_summary_ml_features_all_and_medical_20250709_213116_RandomForest
Minimum_duration_of_Visit_std_clinical_simple,bakeoff_summary_ml_features_all_and_medical_and_content_20250709_214000_LinearSVC
Minimum_duration_of_Visit_std_clinical_simple,bakeoff_summary_ml_features_all_and_medical_and_content_20250709_214000_LogisticRegression
Minimum_duration_of_Visit_std_clinical_simple,bakeoff_summary_ml_features_all_and_medical_and_content_20250709_214000_PolySVC
Minimum_duration_of_Visit_std_clinical_simple,bakeoff_summary_ml_features_all_and_medical_and_content_20250709_214000_RBFSVC
Minimum_duration_of_Visit_std_clinical_simple,bakeoff_summary_ml_features_all_and_medical_and_content_20250709_214000_RandomForest
Minimum_duration_of_Visit_std_non_medical,bakeoff_summary_ml_features_non_medical_20250711_021809_LinearSVC
Minimum_duration_of_Visit_std_non_medical,bakeoff_summary_ml_features_non_medical_20250711_021809_LogisticRegression
Minimum_duration_of_Visit_std_non_medical,bakeoff_summary_ml_features_non_medical_20250711_021809_PolySVC
Minimum_duration_of_Visit_std_non_medical,bakeoff_summary_ml_features_non_medical_20250711_021809_RBFSVC
Minimum_duration_of_Visit_std_non_medical,bakeoff_summary_ml_features_non_medical_20250711_021809_RandomForest
Peak_velocity_of_entry_saccade_min_non_medical,bakeoff_summary_ml_features_non_medical_20250711_021809_LinearSVC
Peak_velocity_of_entry_saccade_min_non_medical,bakeoff_summary_ml_features_non_medical_20250711_021809_LogisticRegression
Peak_velocity_of_entry_saccade_min_non_medical,bakeoff_summary_ml_features_non_medical_20250711_021809_PolySVC
Peak_velocity_of_entry_saccade_min_non_medical,bakeoff_summary_ml_features_non_medical_20250711_021809_RBFSVC
Peak_velocity_of_entry_saccade_min_non_medical,bakeoff_summary_ml_features_non_medical_20250711_021809_RandomForest
Selective_regression-path_duration_max_content,bakeoff_summary_ml_features_all_and_medical_and_content_20250709_214000_LinearSVC
Selective_regression-path_duration_max_content,bakeoff_summary_ml_features_all_and_medical_and_content_20250709_214000_LogisticRegression
Selective_regression-path_duration_max_content,bakeoff_summary_ml_features_all_and_medical_and_content_20250709_214000_PolySVC
Selective_regression-path_duration_max_content,bakeoff_summary_ml_features_all_and_medical_and_content_20250709_214000_RBFSVC
Selective_regression-path_duration_max_content,bakeoff_summary_ml_features_all_and_medical_and_content_20250709_214000_RandomForest
Selective_regression-path_duration_max_content,bakeoff_summary_ml_features_content_20250709_214417_LinearSVC
Selective_regression-path_duration_max_content,bakeoff_summary_ml_features_content_20250709_214417_LogisticRegression
Selective_regression-path_duration_max_content,bakeoff_summary_ml_features_content_20250709_214417_PolySVC
Selective_regression-path_duration_max_content,bakeoff_summary_ml_features_content_20250709_214417_RBFSVC
Selective_regression-path_duration_max_content,bakeoff_summary_ml_features_content_20250709_214417_RandomForest
Selective_regression-path_duration_max_content,bakeoff_summary_ml_features_medical_and_content_20250709_214355_LinearSVC
Selective_regression-path_duration_max_content,bakeoff_summary_ml_features_medical_and_content_20250709_214355_LogisticRegression
Selective_regression-path_duration_max_content,bakeoff_summary_ml_features_medical_and_content_20250709_214355_PolySVC
Selective_regression-path_duration_max_content,bakeoff_summary_ml_features_medical_and_content_20250709_214355_RBFSVC
Selective_regression-path_duration_max_content,bakeoff_summary_ml_features_medical_and_content_20250709_214355_RandomForest
Selective_regression-path_duration_max_medical,bakeoff_summary_ml_features_all_and_medical_20250709_213116_LinearSVC
Selective_regression-path_duration_max_medical,bakeoff_summary_ml_features_all_and_medical_20250709_213116_LogisticRegression
Selective_regression-path_duration_max_medical,bakeoff_summary_ml_features_all_and_medical_20250709_213116_PolySVC
Selective_regression-path_duration_max_medical,bakeoff_summary_ml_features_all_and_medical_20250709_213116_RBFSVC
Selective_regression-path_duration_max_medical,bakeoff_summary_ml_features_all_and_medical_20250709_213116_RandomForest
Selective_regression-path_duration_max_medical,bakeoff_summary_ml_features_all_and_medical_and_content_20250709_214000_LinearSVC
Selective_regression-path_duration_max_medical,bakeoff_summary_ml_features_all_and_medical_and_content_20250709_214000_LogisticRegression
Selective_regression-path_duration_max_medical,bakeoff_summary_ml_features_all_and_medical_and_content_20250709_214000_PolySVC
Selective_regression-path_duration_max_medical,bakeoff_summary_ml_features_all_and_medical_and_content_20250709_214000_RBFSVC
Selective_regression-path_duration_max_medical,bakeoff_summary_ml_features_all_and_medical_and_content_20250709_214000_RandomForest
Selective_regression-path_duration_max_medical,bakeoff_summary_ml_features_medical_20250709_214316_LinearSVC
Selective_regression-path_duration_max_medical,bakeoff_summary_ml_features_medical_20250709_214316_LogisticRegression
Selective_regression-path_duration_max_medical,bakeoff_summary_ml_features_medical_20250709_214316_PolySVC
Selective_regression-path_duration_max_medical,bakeoff_summary_ml_features_medical_20250709_214316_RBFSVC
Selective_regression-path_duration_max_medical,bakeoff_summary_ml_features_medical_20250709_214316_RandomForest
Selective_regression-path_duration_max_medical,bakeoff_summary_ml_features_medical_and_content_20250709_214355_LinearSVC
Selective_regression-path_duration_max_medical,bakeoff_summary_ml_features_medical_and_content_20250709_214355_LogisticRegression
Selective_regression-path_duration_max_medical,bakeoff_summary_ml_features_medical_and_content_20250709_214355_PolySVC
Selective_regression-path_duration_max_medical,bakeoff_summary_ml_features_medical_and_content_20250709_214355_RBFSVC
Selective_regression-path_duration_max_medical,bakeoff_summary_ml_features_medical_and_content_20250709_214355_RandomForest
Selective_regression-path_duration_max_medical_original,bakeoff_summary_ml_features_all_20250709_214248_LinearSVC
Selective_regression-path_duration_max_medical_original,bakeoff_summary_ml_features_all_20250709_214248_LogisticRegression
Selective_regression-path_duration_max_medical_original,bakeoff_summary_ml_features_all_20250709_214248_PolySVC
Selective_regression-path_duration_max_medical_original,bakeoff_summary_ml_features_all_20250709_214248_RBFSVC
Selective_regression-path_duration_max_medical_original,bakeoff_summary_ml_features_all_20250709_214248_RandomForest
Selective_regression-path_duration_max_medical_original,bakeoff_summary_ml_features_all_and_medical_20250709_213116_LinearSVC
Selective_regression-path_duration_max_medical_original,bakeoff_summary_ml_features_all_and_medical_20250709_213116_LogisticRegression
Selective_regression-path_duration_max_medical_original,bakeoff_summary_ml_features_all_and_medical_20250709_213116_PolySVC
Selective_regression-path_duration_max_medical_original,bakeoff_summary_ml_features_all_and_medical_20250709_213116_RBFSVC
Selective_regression-path_duration_max_medical_original,bakeoff_summary_ml_features_all_and_medical_20250709_213116_RandomForest
Selective_regression-path_duration_max_medical_original,bakeoff_summary_ml_features_all_and_medical_and_content_20250709_214000_LinearSVC
Selective_regression-path_duration_max_medical_original,bakeoff_summary_ml_features_all_and_medical_and_content_20250709_214000_LogisticRegression
Selective_regression-path_duration_max_medical_original,bakeoff_summary_ml_features_all_and_medical_and_content_20250709_214000_PolySVC
Selective_regression-path_duration_max_medical_original,bakeoff_summary_ml_features_all_and_medical_and_content_20250709_214000_RBFSVC
Selective_regression-path_duration_max_medical_original,bakeoff_summary_ml_features_all_and_medical_and_content_20250709_214000_RandomForest
Selective_regression-path_duration_max_medical_simple,bakeoff_summary_ml_features_all_20250709_214248_LinearSVC
Selective_regression-path_duration_max_medical_simple,bakeoff_summary_ml_features_all_20250709_214248_LogisticRegression
Selective_regression-path_duration_max_medical_simple,bakeoff_summary_ml_features_all_20250709_214248_PolySVC
Selective_regression-path_duration_max_medical_simple,bakeoff_summary_ml_features_all_20250709_214248_RBFSVC
Selective_regression-path_duration_max_medical_simple,bakeoff_summary_ml_features_all_20250709_214248_RandomForest
Selective_regression-path_duration_max_medical_simple,bakeoff_summary_ml_features_all_and_medical_20250709_213116_LinearSVC
Selective_regression-path_duration_max_medical_simple,bakeoff_summary_ml_features_all_and_medical_20250709_213116_LogisticRegression
Selective_regression-path_duration_max_medical_simple,bakeoff_summary_ml_features_all_and_medical_20250709_213116_PolySVC
Selective_regression-path_duration_max_medical_simple,bakeoff_summary_ml_features_all_and_medical_20250709_213116_RBFSVC
Selective_regression-path_duration_max_medical_simple,bakeoff_summary_ml_features_all_and_medical_20250709_213116_RandomForest
Selective_regression-path_duration_max_medical_simple,bakeoff_summary_ml_features_all_and_medical_and_content_20250709_214000_LinearSVC
Selective_regression-path_duration_max_medical_simple,bakeoff_summary_ml_features_all_and_medical_and_content_20250709_214000_LogisticRegression
Selective_regression-path_duration_max_medical_simple,bakeoff_summary_ml_features_all_and_medical_and_content_20250709_214000_PolySVC
Selective_regression-path_duration_max_medical_simple,bakeoff_summary_ml_features_all_and_medical_and_content_20250709_214000_RBFSVC
Selective_regression-path_duration_max_medical_simple,bakeoff_summary_ml_features_all_and_medical_and_content_20250709_214000_RandomForest
Selective_regression-path_duration_max_non_medical,bakeoff_summary_ml_features_non_medical_20250711_021809_LinearSVC
Selective_regression-path_duration_max_non_medical,bakeoff_summary_ml_features_non_medical_20250711_021809_LogisticRegression
Selective_regression-path_duration_max_non_medical,bakeoff_summary_ml_features_non_medical_20250711_021809_PolySVC
Selective_regression-path_duration_max_non_medical,bakeoff_summary_ml_features_non_medical_20250711_021809_RBFSVC
Selective_regression-path_duration_max_non_medical,bakeoff_summary_ml_features_non_medical_20250711_021809_RandomForest
Selective_regression-path_duration_mean_clinical_simple,bakeoff_summary_ml_features_all_20250709_214248_LinearSVC
Selective_regression-path_duration_mean_clinical_simple,bakeoff_summary_ml_features_all_20250709_214248_LogisticRegression
Selective_regression-path_duration_mean_clinical_simple,bakeoff_summary_ml_features_all_20250709_214248_PolySVC
Selective_regression-path_duration_mean_clinical_simple,bakeoff_summary_ml_features_all_20250709_214248_RBFSVC
Selective_regression-path_duration_mean_clinical_simple,bakeoff_summary_ml_features_all_20250709_214248_RandomForest
Selective_regression-path_duration_mean_clinical_simple,bakeoff_summary_ml_features_all_and_medical_20250709_213116_LinearSVC
Selective_regression-path_duration_mean_clinical_simple,bakeoff_summary_ml_features_all_and_medical_20250709_213116_LogisticRegression
Selective_regression-path_duration_mean_clinical_simple,bakeoff_summary_ml_features_all_and_medical_20250709_213116_PolySVC
Selective_regression-path_duration_mean_clinical_simple,bakeoff_summary_ml_features_all_and_medical_20250709_213116_RBFSVC
Selective_regression-path_duration_mean_clinical_simple,bakeoff_summary_ml_features_all_and_medical_20250709_213116_RandomForest
Selective_regression-path_duration_mean_clinical_simple,bakeoff_summary_ml_features_all_and_medical_and_content_20250709_214000_LinearSVC
Selective_regression-path_duration_mean_clinical_simple,bakeoff_summary_ml_features_all_and_medical_and_content_20250709_214000_LogisticRegression
Selective_regression-path_duration_mean_clinical_simple,bakeoff_summary_ml_features_all_and_medical_and_content_20250709_214000_PolySVC
Selective_regression-path_duration_mean_clinical_simple,bakeoff_summary_ml_features_all_and_medical_and_content_20250709_214000_RBFSVC
Selective_regression-path_duration_mean_clinical_simple,bakeoff_summary_ml_features_all_and_medical_and_content_20250709_214000_RandomForest
Selective_regression-path_duration_mean_content,bakeoff_summary_ml_features_all_and_medical_and_content_20250709_214000_LinearSVC
Selective_regression-path_duration_mean_content,bakeoff_summary_ml_features_all_and_medical_and_content_20250709_214000_LogisticRegression
Selective_regression-path_duration_mean_content,bakeoff_summary_ml_features_all_and_medical_and_content_20250709_214000_PolySVC
Selective_regression-path_duration_mean_content,bakeoff_summary_ml_features_all_and_medical_and_content_20250709_214000_RBFSVC
Selective_regression-path_duration_mean_content,bakeoff_summary_ml_features_all_and_medical_and_content_20250709_214000_RandomForest
Selective_regression-path_duration_mean_content,bakeoff_summary_ml_features_content_20250709_214417_LinearSVC
Selective_regression-path_duration_mean_content,bakeoff_summary_ml_features_content_20250709_214417_LogisticRegression
Selective_regression-path_duration_mean_content,bakeoff_summary_ml_features_content_20250709_214417_PolySVC
Selective_regression-path_duration_mean_content,bakeoff_summary_ml_features_content_20250709_214417_RBFSVC
Selective_regression-path_duration_mean_content,bakeoff_summary_ml_features_content_20250709_214417_RandomForest
Selective_regression-path_duration_mean_content,bakeoff_summary_ml_features_medical_and_content_20250709_214355_LinearSVC
Selective_regression-path_duration_mean_content,bakeoff_summary_ml_features_medical_and_content_20250709_214355_LogisticRegression
Selective_regression-path_duration_mean_content,bakeoff_summary_ml_features_medical_and_content_20250709_214355_PolySVC
Selective_regression-path_duration_mean_content,bakeoff_summary_ml_features_medical_and_content_20250709_214355_RBFSVC
Selective_regression-path_duration_mean_content,bakeoff_summary_ml_features_medical_and_content_20250709_214355_RandomForest
Selective_regression-path_duration_mean_medical,bakeoff_summary_ml_features_all_and_medical_20250709_213116_LinearSVC
Selective_regression-path_duration_mean_medical,bakeoff_summary_ml_features_all_and_medical_20250709_213116_LogisticRegression
Selective_regression-path_duration_mean_medical,bakeoff_summary_ml_features_all_and_medical_20250709_213116_PolySVC
Selective_regression-path_duration_mean_medical,bakeoff_summary_ml_features_all_and_medical_20250709_213116_RBFSVC
Selective_regression-path_duration_mean_medical,bakeoff_summary_ml_features_all_and_medical_20250709_213116_RandomForest
Selective_regression-path_duration_mean_medical,bakeoff_summary_ml_features_all_and_medical_and_content_20250709_214000_LinearSVC
Selective_regression-path_duration_mean_medical,bakeoff_summary_ml_features_all_and_medical_and_content_20250709_214000_LogisticRegression
Selective_regression-path_duration_mean_medical,bakeoff_summary_ml_features_all_and_medical_and_content_20250709_214000_PolySVC
Selective_regression-path_duration_mean_medical,bakeoff_summary_ml_features_all_and_medical_and_content_20250709_214000_RBFSVC
Selective_regression-path_duration_mean_medical,bakeoff_summary_ml_features_all_and_medical_and_content_20250709_214000_RandomForest
Selective_regression-path_duration_mean_medical,bakeoff_summary_ml_features_medical_20250709_214316_LinearSVC
Selective_regression-path_duration_mean_medical,bakeoff_summary_ml_features_medical_20250709_214316_LogisticRegression
Selective_regression-path_duration_mean_medical,bakeoff_summary_ml_features_medical_20250709_214316_PolySVC
Selective_regression-path_duration_mean_medical,bakeoff_summary_ml_features_medical_20250709_214316_RBFSVC
Selective_regression-path_duration_mean_medical,bakeoff_summary_ml_features_medical_20250709_214316_RandomForest
Selective_regression-path_duration_mean_medical,bakeoff_summary_ml_features_medical_and_content_20250709_214355_LinearSVC
Selective_regression-path_duration_mean_medical,bakeoff_summary_ml_features_medical_and_content_20250709_214355_LogisticRegression
Selective_regression-path_duration_mean_medical,bakeoff_summary_ml_features_medical_and_content_20250709_214355_PolySVC
Selective_regression-path_duration_mean_medical,bakeoff_summary_ml_features_medical_and_content_20250709_214355_RBFSVC
Selective_regression-path_duration_mean_medical,bakeoff_summary_ml_features_medical_and_content_20250709_214355_RandomForest
Selective_regression-path_duration_mean_non_medical,bakeoff_summary_ml_features_non_medical_20250711_021809_LinearSVC
Selective_regression-path_duration_mean_non_medical,bakeoff_summary_ml_features_non_medical_20250711_021809_LogisticRegression
Selective_regression-path_duration_mean_non_medical,bakeoff_summary_ml_features_non_medical_20250711_021809_PolySVC
Selective_regression-path_duration_mean_non_medical,bakeoff_summary_ml_features_non_medical_20250711_021809_RBFSVC
Selective_regression-path_duration_mean_non_medical,bakeoff_summary_ml_features_non_medical_20250711_021809_RandomForest
Selective_regression-path_duration_std_clinical_simple,bakeoff_summary_ml_features_all_20250709_214248_LinearSVC
Selective_regression-path_duration_std_clinical_simple,bakeoff_summary_ml_features_all_20250709_214248_LogisticRegression
Selective_regression-path_duration_std_clinical_simple,bakeoff_summary_ml_features_all_20250709_214248_PolySVC
Selective_regression-path_duration_std_clinical_simple,bakeoff_summary_ml_features_all_20250709_214248_RBFSVC
Selective_regression-path_duration_std_clinical_simple,bakeoff_summary_ml_features_all_20250709_214248_RandomForest
Selective_regression-path_duration_std_clinical_simple,bakeoff_summary_ml_features_all_and_medical_20250709_213116_LinearSVC
Selective_regression-path_duration_std_clinical_simple,bakeoff_summary_ml_features_all_and_medical_20250709_213116_LogisticRegression
Selective_regression-path_duration_std_clinical_simple,bakeoff_summary_ml_features_all_and_medical_20250709_213116_PolySVC
Selective_regression-path_duration_std_clinical_simple,bakeoff_summary_ml_features_all_and_medical_20250709_213116_RBFSVC
Selective_regression-path_duration_std_clinical_simple,bakeoff_summary_ml_features_all_and_medical_20250709_213116_RandomForest
Selective_regression-path_duration_std_clinical_simple,bakeoff_summary_ml_features_all_and_medical_and_content_20250709_214000_LinearSVC
Selective_regression-path_duration_std_clinical_simple,bakeoff_summary_ml_features_all_and_medical_and_content_20250709_214000_LogisticRegression
Selective_regression-path_duration_std_clinical_simple,bakeoff_summary_ml_features_all_and_medical_and_content_20250709_214000_PolySVC
Selective_regression-path_duration_std_clinical_simple,bakeoff_summary_ml_features_all_and_medical_and_content_20250709_214000_RBFSVC
Selective_regression-path_duration_std_clinical_simple,bakeoff_summary_ml_features_all_and_medical_and_content_20250709_214000_RandomForest
Selective_regression-path_duration_std_content,bakeoff_summary_ml_features_all_and_medical_and_content_20250709_214000_LinearSVC
Selective_regression-path_duration_std_content,bakeoff_summary_ml_features_all_and_medical_and_content_20250709_214000_LogisticRegression
Selective_regression-path_duration_std_content,bakeoff_summary_ml_features_all_and_medical_and_content_20250709_214000_PolySVC
Selective_regression-path_duration_std_content,bakeoff_summary_ml_features_all_and_medical_and_content_20250709_214000_RBFSVC
Selective_regression-path_duration_std_content,bakeoff_summary_ml_features_all_and_medical_and_content_20250709_214000_RandomForest
Selective_regression-path_duration_std_content,bakeoff_summary_ml_features_content_20250709_214417_LinearSVC
Selective_regression-path_duration_std_content,bakeoff_summary_ml_features_content_20250709_214417_LogisticRegression
Selective_regression-path_duration_std_content,bakeoff_summary_ml_features_content_20250709_214417_PolySVC
Selective_regression-path_duration_std_content,bakeoff_summary_ml_features_content_20250709_214417_RBFSVC
Selective_regression-path_duration_std_content,bakeoff_summary_ml_features_content_20250709_214417_RandomForest
Selective_regression-path_duration_std_content,bakeoff_summary_ml_features_medical_and_content_20250709_214355_LinearSVC
Selective_regression-path_duration_std_content,bakeoff_summary_ml_features_medical_and_content_20250709_214355_LogisticRegression
Selective_regression-path_duration_std_content,bakeoff_summary_ml_features_medical_and_content_20250709_214355_PolySVC
Selective_regression-path_duration_std_content,bakeoff_summary_ml_features_medical_and_content_20250709_214355_RBFSVC
Selective_regression-path_duration_std_content,bakeoff_summary_ml_features_medical_and_content_20250709_214355_RandomForest
Selective_regression-path_duration_std_medical,bakeoff_summary_ml_features_all_and_medical_20250709_213116_LinearSVC
Selective_regression-path_duration_std_medical,bakeoff_summary_ml_features_all_and_medical_20250709_213116_LogisticRegression
Selective_regression-path_duration_std_medical,bakeoff_summary_ml_features_all_and_medical_20250709_213116_PolySVC
Selective_regression-path_duration_std_medical,bakeoff_summary_ml_features_all_and_medical_20250709_213116_RBFSVC
Selective_regression-path_duration_std_medical,bakeoff_summary_ml_features_all_and_medical_20250709_213116_RandomForest
Selective_regression-path_duration_std_medical,bakeoff_summary_ml_features_all_and_medical_and_content_20250709_214000_LinearSVC
Selective_regression-path_duration_std_medical,bakeoff_summary_ml_features_all_and_medical_and_content_20250709_214000_LogisticRegression
Selective_regression-path_duration_std_medical,bakeoff_summary_ml_features_all_and_medical_and_content_20250709_214000_PolySVC
Selective_regression-path_duration_std_medical,bakeoff_summary_ml_features_all_and_medical_and_content_20250709_214000_RBFSVC
Selective_regression-path_duration_std_medical,bakeoff_summary_ml_features_all_and_medical_and_content_20250709_214000_RandomForest
Selective_regression-path_duration_std_medical,bakeoff_summary_ml_features_medical_20250709_214316_LinearSVC
Selective_regression-path_duration_std_medical,bakeoff_summary_ml_features_medical_20250709_214316_LogisticRegression
Selective_regression-path_duration_std_medical,bakeoff_summary_ml_features_medical_20250709_214316_PolySVC
Selective_regression-path_duration_std_medical,bakeoff_summary_ml_features_medical_20250709_214316_RBFSVC
Selective_regression-path_duration_std_medical,bakeoff_summary_ml_features_medical_20250709_214316_RandomForest
Selective_regression-path_duration_std_medical,bakeoff_summary_ml_features_medical_and_content_20250709_214355_LinearSVC
Selective_regression-path_duration_std_medical,bakeoff_summary_ml_features_medical_and_content_20250709_214355_LogisticRegression
Selective_regression-path_duration_std_medical,bakeoff_summary_ml_features_medical_and_content_20250709_214355_PolySVC
Selective_regression-path_duration_std_medical,bakeoff_summary_ml_features_medical_and_content_20250709_214355_RBFSVC
Selective_regression-path_duration_std_medical,bakeoff_summary_ml_features_medical_and_content_20250709_214355_RandomForest
Selective_regression-path_duration_std_medical_simple,bakeoff_summary_ml_features_all_20250709_214248_LinearSVC
Selective_regression-path_duration_std_medical_simple,bakeoff_summary_ml_features_all_20250709_214248_LogisticRegression
Selective_regression-path_duration_std_medical_simple,bakeoff_summary_ml_features_all_20250709_214248_PolySVC
Selective_regression-path_duration_std_medical_simple,bakeoff_summary_ml_features_all_20250709_214248_RBFSVC
Selective_regression-path_duration_std_medical_simple,bakeoff_summary_ml_features_all_20250709_214248_RandomForest
Selective_regression-path_duration_std_medical_simple,bakeoff_summary_ml_features_all_and_medical_20250709_213116_LinearSVC
Selective_regression-path_duration_std_medical_simple,bakeoff_summary_ml_features_all_and_medical_20250709_213116_LogisticRegression
Selective_regression-path_duration_std_medical_simple,bakeoff_summary_ml_features_all_and_medical_20250709_213116_PolySVC
Selective_regression-path_duration_std_medical_simple,bakeoff_summary_ml_features_all_and_medical_20250709_213116_RBFSVC
Selective_regression-path_duration_std_medical_simple,bakeoff_summary_ml_features_all_and_medical_20250709_213116_RandomForest
Selective_regression-path_duration_std_medical_simple,bakeoff_summary_ml_features_all_and_medical_and_content_20250709_214000_LinearSVC
Selective_regression-path_duration_std_medical_simple,bakeoff_summary_ml_features_all_and_medical_and_content_20250709_214000_LogisticRegression
Selective_regression-path_duration_std_medical_simple,bakeoff_summary_ml_features_all_and_medical_and_content_20250709_214000_PolySVC
Selective_regression-path_duration_std_medical_simple,bakeoff_summary_ml_features_all_and_medical_and_content_20250709_214000_RBFSVC
Selective_regression-path_duration_std_medical_simple,bakeoff_summary_ml_features_all_and_medical_and_content_20250709_214000_RandomForest
Selective_regression-path_duration_std_non_medical,bakeoff_summary_ml_features_non_medical_20250711_021809_LinearSVC
Selective_regression-path_duration_std_non_medical,bakeoff_summary_ml_features_non_medical_20250711_021809_LogisticRegression
Selective_regression-path_duration_std_non_medical,bakeoff_summary_ml_features_non_medical_20250711_021809_PolySVC
Selective_regression-path_duration_std_non_medical,bakeoff_summary_ml_features_non_medical_20250711_021809_RBFSVC
Selective_regression-path_duration_std_non_medical,bakeoff_summary_ml_features_non_medical_20250711_021809_RandomForest
Time_to_first_Visit_max_non_medical,bakeoff_summary_ml_features_non_medical_20250711_021809_LinearSVC
Time_to_first_Visit_max_non_medical,bakeoff_summary_ml_features_non_medical_20250711_021809_LogisticRegression
Time_to_first_Visit_max_non_medical,bakeoff_summary_ml_features_non_medical_20250711_021809_PolySVC
Time_to_first_Visit_max_non_medical,bakeoff_summary_ml_features_non_medical_20250711_021809_RBFSVC
Time_to_first_Visit_max_non_medical,bakeoff_summary_ml_features_non_medical_20250711_021809_RandomForest
Time_to_first_Visit_mean_non_medical,bakeoff_summary_ml_features_non_medical_20250711_021809_LinearSVC
Time_to_first_Visit_mean_non_medical,bakeoff_summary_ml_features_non_medical_20250711_021809_LogisticRegression
Time_to_first_Visit_mean_non_medical,bakeoff_summary_ml_features_non_medical_20250711_021809_PolySVC
Time_to_first_Visit_mean_non_medical,bakeoff_summary_ml_features_non_medical_20250711_021809_RBFSVC
Time_to_first_Visit_mean_non_medical,bakeoff_summary_ml_features_non_medical_20250711_021809_RandomForest
Time_to_first_Visit_std_non_medical,bakeoff_summary_ml_features_non_medical_20250711_021809_LinearSVC
Time_to_first_Visit_std_non_medical,bakeoff_summary_ml_features_non_medical_20250711_021809_LogisticRegression
Time_to_first_Visit_std_non_medical,bakeoff_summary_ml_features_non_medical_20250711_021809_PolySVC
Time_to_first_Visit_std_non_medical,bakeoff_summary_ml_features_non_medical_20250711_021809_RBFSVC
Time_to_first_Visit_std_non_medical,bakeoff_summary_ml_features_non_medical_20250711_021809_RandomForest
Total_duration_of_Visit_max_non_medical,bakeoff_summary_ml_features_non_medical_20250711_021809_LinearSVC
Total_duration_of_Visit_max_non_medical,bakeoff_summary_ml_features_non_medical_20250711_021809_LogisticRegression
Total_duration_of_Visit_max_non_medical,bakeoff_summary_ml_features_non_medical_20250711_021809_PolySVC
Total_duration_of_Visit_max_non_medical,bakeoff_summary_ml_features_non_medical_20250711_021809_RBFSVC
Total_duration_of_Visit_max_non_medical,bakeoff_summary_ml_features_non_medical_20250711_021809_RandomForest
Total_duration_of_Visit_mean_non_medical,bakeoff_summary_ml_features_non_medical_20250711_021809_LinearSVC
Total_duration_of_Visit_mean_non_medical,bakeoff_summary_ml_features_non_medical_20250711_021809_LogisticRegression
Total_duration_of_Visit_mean_non_medical,bakeoff_summary_ml_features_non_medical_20250711_021809_PolySVC
Total_duration_of_Visit_mean_non_medical,bakeoff_summary_ml_features_non_medical_20250711_021809_RBFSVC
Total_duration_of_Visit_mean_non_medical,bakeoff_summary_ml_features_non_medical_20250711_021809_RandomForest
Total_duration_of_Visit_std_non_medical,bakeoff_summary_ml_features_non_medical_20250711_021809_LinearSVC
Total_duration_of_Visit_std_non_medical,bakeoff_summary_ml_features_non_medical_20250711_021809_LogisticRegression
Total_duration_of_Visit_std_non_medical,bakeoff_summary_ml_features_non_medical_20250711_021809_PolySVC
Total_duration_of_Visit_std_non_medical,bakeoff_summary_ml_features_non_medical_20250711_021809_RBFSVC
Total_duration_of_Visit_std_non_medical,bakeoff_summary_ml_features_non_medical_20250711_021809_RandomForest
